{"pages":["custom.png"],"chars":[{"id":1073,"index":468,"char":"б","width":26,"height":38,"xoffset":1,"yoffset":2,"xadvance":26,"chnl":15,"x":0,"y":0,"page":0},{"id":1088,"index":483,"char":"р","width":25,"height":38,"xoffset":2,"yoffset":13,"xadvance":27,"chnl":15,"x":0,"y":39,"page":0},{"id":1110,"index":504,"char":"і","width":9,"height":37,"xoffset":1,"yoffset":3,"xadvance":11,"chnl":15,"x":0,"y":78,"page":0},{"id":1091,"index":486,"char":"у","width":26,"height":37,"xoffset":-2,"yoffset":13,"xadvance":22,"chnl":15,"x":0,"y":116,"page":0},{"id":1081,"index":476,"char":"й","width":23,"height":37,"xoffset":2,"yoffset":3,"xadvance":27,"chnl":15,"x":10,"y":78,"page":0},{"id":1042,"index":437,"char":"В","width":24,"height":36,"xoffset":2,"yoffset":4,"xadvance":26,"chnl":15,"x":26,"y":39,"page":0},{"id":86,"index":60,"char":"V","width":32,"height":36,"xoffset":-2,"yoffset":4,"xadvance":28,"chnl":15,"x":27,"y":0,"page":0},{"id":82,"index":56,"char":"R","width":27,"height":36,"xoffset":2,"yoffset":4,"xadvance":27,"chnl":15,"x":0,"y":154,"page":0},{"id":33,"index":7,"char":"!","width":9,"height":36,"xoffset":2,"yoffset":4,"xadvance":13,"chnl":15,"x":27,"y":116,"page":0},{"id":1084,"index":479,"char":"м","width":29,"height":27,"xoffset":2,"yoffset":13,"xadvance":32,"chnl":15,"x":34,"y":76,"page":0},{"id":1072,"index":467,"char":"а","width":22,"height":28,"xoffset":0,"yoffset":13,"xadvance":23,"chnl":15,"x":51,"y":37,"page":0},{"id":1108,"index":502,"char":"є","width":21,"height":28,"xoffset":0,"yoffset":13,"xadvance":21,"chnl":15,"x":60,"y":0,"page":0},{"id":1086,"index":481,"char":"о","width":27,"height":28,"xoffset":0,"yoffset":13,"xadvance":27,"chnl":15,"x":0,"y":191,"page":0},{"id":1079,"index":474,"char":"з","width":21,"height":28,"xoffset":0,"yoffset":13,"xadvance":20,"chnl":15,"x":0,"y":220,"page":0},{"id":1077,"index":472,"char":"е","width":24,"height":28,"xoffset":0,"yoffset":13,"xadvance":24,"chnl":15,"x":22,"y":220,"page":0},{"id":1090,"index":485,"char":"т","width":21,"height":27,"xoffset":-1,"yoffset":13,"xadvance":19,"chnl":15,"x":28,"y":153,"page":0},{"id":1085,"index":480,"char":"н","width":23,"height":27,"xoffset":2,"yoffset":13,"xadvance":26,"chnl":15,"x":28,"y":181,"page":0},{"id":32,"index":3,"char":" ","width":0,"height":0,"xoffset":-2,"yoffset":36,"xadvance":12,"chnl":15,"x":27,"y":153,"page":0}],"info":{"face":"custom","size":42,"bold":0,"italic":0,"charset":["В","і","т","а","є","м","о"," ","у","б","р","з","е","н","й","V","R","!"],"unicode":1,"stretchH":100,"smooth":1,"aa":1,"padding":[2,2,2,2],"spacing":[0,0]},"common":{"lineHeight":45,"base":36,"scaleW":256,"scaleH":256,"pages":1,"packed":0,"alphaChnl":0,"redChnl":0,"greenChnl":0,"blueChnl":0},"distanceField":{"fieldType":"msdf","distanceRange":4},"kernings":[]}