{"pages":["impact.png"],"chars":[{"id":1049,"index":470,"char":"Й","width":23,"height":44,"xoffset":0,"yoffset":-5,"xadvance":23,"chnl":15,"x":0,"y":0,"page":0},{"id":1031,"index":453,"char":"Ї","width":18,"height":44,"xoffset":-3,"yoffset":-5,"xadvance":12,"chnl":15,"x":0,"y":45,"page":0},{"id":36,"index":7,"char":"$","width":25,"height":43,"xoffset":-1,"yoffset":-1,"xadvance":23,"chnl":15,"x":0,"y":90,"page":0},{"id":123,"index":94,"char":"{","width":18,"height":43,"xoffset":-1,"yoffset":2,"xadvance":16,"chnl":15,"x":19,"y":45,"page":0},{"id":125,"index":96,"char":"}","width":18,"height":43,"xoffset":-1,"yoffset":2,"xadvance":16,"chnl":15,"x":24,"y":0,"page":0},{"id":124,"index":95,"char":"|","width":8,"height":43,"xoffset":1,"yoffset":2,"xadvance":11,"chnl":15,"x":0,"y":134,"page":0},{"id":1062,"index":483,"char":"Ц","width":26,"height":43,"xoffset":0,"yoffset":2,"xadvance":24,"chnl":15,"x":0,"y":178,"page":0},{"id":1065,"index":486,"char":"Щ","width":37,"height":43,"xoffset":0,"yoffset":2,"xadvance":35,"chnl":15,"x":9,"y":134,"page":0},{"id":1044,"index":465,"char":"Д","width":30,"height":43,"xoffset":-1,"yoffset":2,"xadvance":27,"chnl":15,"x":26,"y":89,"page":0},{"id":81,"index":52,"char":"Q","width":24,"height":42,"xoffset":-1,"yoffset":1,"xadvance":23,"chnl":15,"x":38,"y":44,"page":0},{"id":106,"index":77,"char":"j","width":14,"height":41,"xoffset":-2,"yoffset":2,"xadvance":12,"chnl":15,"x":43,"y":0,"page":0},{"id":1168,"index":539,"char":"Ґ","width":20,"height":40,"xoffset":0,"yoffset":-1,"xadvance":18,"chnl":15,"x":58,"y":0,"page":0},{"id":79,"index":50,"char":"O","width":24,"height":39,"xoffset":-1,"yoffset":1,"xadvance":23,"chnl":15,"x":0,"y":222,"page":0},{"id":83,"index":54,"char":"S","width":24,"height":39,"xoffset":-1,"yoffset":1,"xadvance":22,"chnl":15,"x":0,"y":262,"page":0},{"id":71,"index":42,"char":"G","width":24,"height":39,"xoffset":-1,"yoffset":1,"xadvance":23,"chnl":15,"x":0,"y":302,"page":0},{"id":67,"index":38,"char":"C","width":24,"height":39,"xoffset":-1,"yoffset":1,"xadvance":23,"chnl":15,"x":0,"y":342,"page":0},{"id":51,"index":22,"char":"3","width":24,"height":39,"xoffset":-1,"yoffset":1,"xadvance":22,"chnl":15,"x":0,"y":382,"page":0},{"id":64,"index":35,"char":"@","width":35,"height":39,"xoffset":-1,"yoffset":1,"xadvance":33,"chnl":15,"x":0,"y":422,"page":0},{"id":1081,"index":502,"char":"й","width":25,"height":39,"xoffset":-1,"yoffset":0,"xadvance":23,"chnl":15,"x":25,"y":222,"page":0},{"id":1092,"index":513,"char":"ф","width":34,"height":39,"xoffset":-1,"yoffset":4,"xadvance":32,"chnl":15,"x":27,"y":178,"page":0},{"id":1047,"index":468,"char":"З","width":24,"height":39,"xoffset":-1,"yoffset":1,"xadvance":22,"chnl":15,"x":47,"y":133,"page":0},{"id":1054,"index":475,"char":"О","width":24,"height":39,"xoffset":-1,"yoffset":1,"xadvance":23,"chnl":15,"x":57,"y":87,"page":0},{"id":1057,"index":478,"char":"С","width":24,"height":39,"xoffset":-1,"yoffset":1,"xadvance":23,"chnl":15,"x":63,"y":41,"page":0},{"id":100,"index":71,"char":"d","width":23,"height":38,"xoffset":-1,"yoffset":2,"xadvance":22,"chnl":15,"x":79,"y":0,"page":0},{"id":98,"index":69,"char":"b","width":23,"height":38,"xoffset":-1,"yoffset":2,"xadvance":22,"chnl":15,"x":25,"y":262,"page":0},{"id":87,"index":58,"char":"W","width":38,"height":37,"xoffset":-2,"yoffset":2,"xadvance":34,"chnl":15,"x":25,"y":301,"page":0},{"id":85,"index":56,"char":"U","width":24,"height":38,"xoffset":0,"yoffset":2,"xadvance":23,"chnl":15,"x":49,"y":262,"page":0},{"id":50,"index":21,"char":"2","width":23,"height":38,"xoffset":-1,"yoffset":1,"xadvance":21,"chnl":15,"x":51,"y":218,"page":0},{"id":53,"index":24,"char":"5","width":24,"height":38,"xoffset":-1,"yoffset":2,"xadvance":23,"chnl":15,"x":62,"y":173,"page":0},{"id":54,"index":25,"char":"6","width":24,"height":38,"xoffset":-1,"yoffset":1,"xadvance":23,"chnl":15,"x":72,"y":127,"page":0},{"id":56,"index":27,"char":"8","width":24,"height":38,"xoffset":-1,"yoffset":1,"xadvance":22,"chnl":15,"x":82,"y":81,"page":0},{"id":57,"index":28,"char":"9","width":24,"height":38,"xoffset":-1,"yoffset":1,"xadvance":23,"chnl":15,"x":88,"y":39,"page":0},{"id":48,"index":19,"char":"0","width":24,"height":38,"xoffset":-1,"yoffset":1,"xadvance":23,"chnl":15,"x":103,"y":0,"page":0},{"id":92,"index":63,"char":"\\","width":20,"height":38,"xoffset":-2,"yoffset":1,"xadvance":17,"chnl":15,"x":25,"y":339,"page":0},{"id":47,"index":18,"char":"/","width":20,"height":38,"xoffset":-2,"yoffset":1,"xadvance":17,"chnl":15,"x":25,"y":378,"page":0},{"id":37,"index":8,"char":"%","width":32,"height":38,"xoffset":-1,"yoffset":1,"xadvance":29,"chnl":15,"x":0,"y":462,"page":0},{"id":63,"index":34,"char":"?","width":24,"height":38,"xoffset":0,"yoffset":1,"xadvance":22,"chnl":15,"x":0,"y":501,"page":0},{"id":1111,"index":531,"char":"ї","width":18,"height":38,"xoffset":-3,"yoffset":1,"xadvance":12,"chnl":15,"x":0,"y":540,"page":0},{"id":1073,"index":494,"char":"б","width":23,"height":38,"xoffset":-1,"yoffset":2,"xadvance":22,"chnl":15,"x":0,"y":579,"page":0},{"id":1028,"index":450,"char":"Є","width":24,"height":38,"xoffset":0,"yoffset":2,"xadvance":23,"chnl":15,"x":19,"y":540,"page":0},{"id":105,"index":76,"char":"i","width":13,"height":37,"xoffset":-1,"yoffset":2,"xadvance":12,"chnl":15,"x":25,"y":501,"page":0},{"id":102,"index":73,"char":"f","width":16,"height":37,"xoffset":-2,"yoffset":2,"xadvance":12,"chnl":15,"x":33,"y":462,"page":0},{"id":104,"index":75,"char":"h","width":23,"height":37,"xoffset":-1,"yoffset":2,"xadvance":22,"chnl":15,"x":39,"y":500,"page":0},{"id":107,"index":78,"char":"k","width":23,"height":37,"xoffset":-1,"yoffset":2,"xadvance":20,"chnl":15,"x":36,"y":417,"page":0},{"id":108,"index":79,"char":"l","width":13,"height":37,"xoffset":-1,"yoffset":2,"xadvance":12,"chnl":15,"x":50,"y":455,"page":0},{"id":69,"index":40,"char":"E","width":19,"height":37,"xoffset":0,"yoffset":2,"xadvance":17,"chnl":15,"x":46,"y":339,"page":0},{"id":82,"index":53,"char":"R","width":23,"height":37,"xoffset":0,"yoffset":2,"xadvance":23,"chnl":15,"x":64,"y":301,"page":0},{"id":84,"index":55,"char":"T","width":23,"height":37,"xoffset":-2,"yoffset":2,"xadvance":19,"chnl":15,"x":46,"y":377,"page":0},{"id":89,"index":60,"char":"Y","width":24,"height":37,"xoffset":-2,"yoffset":2,"xadvance":20,"chnl":15,"x":66,"y":339,"page":0},{"id":73,"index":44,"char":"I","width":13,"height":37,"xoffset":0,"yoffset":2,"xadvance":12,"chnl":15,"x":60,"y":415,"page":0},{"id":80,"index":51,"char":"P","width":23,"height":37,"xoffset":0,"yoffset":2,"xadvance":21,"chnl":15,"x":70,"y":377,"page":0},{"id":65,"index":36,"char":"A","width":26,"height":37,"xoffset":-2,"yoffset":2,"xadvance":21,"chnl":15,"x":74,"y":257,"page":0},{"id":68,"index":39,"char":"D","width":24,"height":37,"xoffset":0,"yoffset":2,"xadvance":23,"chnl":15,"x":88,"y":295,"page":0},{"id":70,"index":41,"char":"F","width":19,"height":37,"xoffset":0,"yoffset":2,"xadvance":17,"chnl":15,"x":91,"y":333,"page":0},{"id":72,"index":43,"char":"H","width":24,"height":37,"xoffset":0,"yoffset":2,"xadvance":23,"chnl":15,"x":75,"y":212,"page":0},{"id":74,"index":45,"char":"J","width":16,"height":37,"xoffset":-2,"yoffset":2,"xadvance":14,"chnl":15,"x":87,"y":166,"page":0},{"id":75,"index":46,"char":"K","width":25,"height":37,"xoffset":0,"yoffset":2,"xadvance":23,"chnl":15,"x":97,"y":120,"page":0},{"id":76,"index":47,"char":"L","width":18,"height":37,"xoffset":0,"yoffset":2,"xadvance":16,"chnl":15,"x":107,"y":78,"page":0},{"id":90,"index":61,"char":"Z","width":20,"height":37,"xoffset":-2,"yoffset":2,"xadvance":17,"chnl":15,"x":113,"y":39,"page":0},{"id":88,"index":59,"char":"X","width":25,"height":37,"xoffset":-2,"yoffset":2,"xadvance":20,"chnl":15,"x":128,"y":0,"page":0},{"id":86,"index":57,"char":"V","width":26,"height":37,"xoffset":-2,"yoffset":2,"xadvance":22,"chnl":15,"x":100,"y":204,"page":0},{"id":66,"index":37,"char":"B","width":24,"height":37,"xoffset":0,"yoffset":2,"xadvance":23,"chnl":15,"x":104,"y":158,"page":0},{"id":78,"index":49,"char":"N","width":23,"height":37,"xoffset":0,"yoffset":2,"xadvance":23,"chnl":15,"x":123,"y":116,"page":0},{"id":77,"index":48,"char":"M","width":31,"height":37,"xoffset":0,"yoffset":2,"xadvance":30,"chnl":15,"x":126,"y":77,"page":0},{"id":49,"index":20,"char":"1","width":18,"height":37,"xoffset":-2,"yoffset":2,"xadvance":16,"chnl":15,"x":134,"y":38,"page":0},{"id":52,"index":23,"char":"4","width":24,"height":37,"xoffset":-2,"yoffset":2,"xadvance":21,"chnl":15,"x":153,"y":38,"page":0},{"id":55,"index":26,"char":"7","width":20,"height":37,"xoffset":-2,"yoffset":2,"xadvance":16,"chnl":15,"x":154,"y":0,"page":0},{"id":91,"index":62,"char":"[","width":13,"height":37,"xoffset":0,"yoffset":2,"xadvance":12,"chnl":15,"x":175,"y":0,"page":0},{"id":93,"index":64,"char":"]","width":13,"height":37,"xoffset":-1,"yoffset":2,"xadvance":12,"chnl":15,"x":101,"y":242,"page":0},{"id":33,"index":4,"char":"!","width":13,"height":37,"xoffset":-1,"yoffset":2,"xadvance":11,"chnl":15,"x":0,"y":618,"page":0},{"id":40,"index":11,"char":"(","width":15,"height":37,"xoffset":0,"yoffset":2,"xadvance":13,"chnl":15,"x":0,"y":656,"page":0},{"id":41,"index":12,"char":")","width":15,"height":37,"xoffset":-1,"yoffset":2,"xadvance":13,"chnl":15,"x":14,"y":618,"page":0},{"id":1110,"index":530,"char":"і","width":13,"height":37,"xoffset":-1,"yoffset":2,"xadvance":12,"chnl":15,"x":24,"y":579,"page":0},{"id":1059,"index":480,"char":"У","width":23,"height":37,"xoffset":-2,"yoffset":2,"xadvance":19,"chnl":15,"x":0,"y":694,"page":0},{"id":1050,"index":471,"char":"К","width":25,"height":37,"xoffset":0,"yoffset":2,"xadvance":23,"chnl":15,"x":16,"y":656,"page":0},{"id":1045,"index":466,"char":"Е","width":19,"height":37,"xoffset":0,"yoffset":2,"xadvance":17,"chnl":15,"x":30,"y":617,"page":0},{"id":1053,"index":474,"char":"Н","width":24,"height":37,"xoffset":0,"yoffset":2,"xadvance":23,"chnl":15,"x":38,"y":579,"page":0},{"id":1043,"index":464,"char":"Г","width":19,"height":37,"xoffset":0,"yoffset":2,"xadvance":17,"chnl":15,"x":44,"y":538,"page":0},{"id":1064,"index":485,"char":"Ш","width":35,"height":37,"xoffset":0,"yoffset":2,"xadvance":35,"chnl":15,"x":63,"y":493,"page":0},{"id":1061,"index":482,"char":"Х","width":25,"height":37,"xoffset":-2,"yoffset":2,"xadvance":20,"chnl":15,"x":64,"y":453,"page":0},{"id":1060,"index":481,"char":"Ф","width":36,"height":37,"xoffset":-1,"yoffset":2,"xadvance":33,"chnl":15,"x":74,"y":415,"page":0},{"id":1030,"index":452,"char":"І","width":13,"height":37,"xoffset":0,"yoffset":2,"xadvance":12,"chnl":15,"x":90,"y":453,"page":0},{"id":1042,"index":463,"char":"В","width":24,"height":37,"xoffset":0,"yoffset":2,"xadvance":23,"chnl":15,"x":94,"y":371,"page":0},{"id":1040,"index":461,"char":"А","width":26,"height":37,"xoffset":-2,"yoffset":2,"xadvance":21,"chnl":15,"x":111,"y":333,"page":0},{"id":1055,"index":476,"char":"П","width":24,"height":37,"xoffset":0,"yoffset":2,"xadvance":23,"chnl":15,"x":113,"y":280,"page":0},{"id":1056,"index":477,"char":"Р","width":23,"height":37,"xoffset":0,"yoffset":2,"xadvance":21,"chnl":15,"x":115,"y":242,"page":0},{"id":1051,"index":472,"char":"Л","width":27,"height":37,"xoffset":-2,"yoffset":2,"xadvance":25,"chnl":15,"x":127,"y":196,"page":0},{"id":1046,"index":467,"char":"Ж","width":34,"height":37,"xoffset":-2,"yoffset":2,"xadvance":31,"chnl":15,"x":129,"y":154,"page":0},{"id":1071,"index":492,"char":"Я","width":23,"height":37,"xoffset":0,"yoffset":2,"xadvance":23,"chnl":15,"x":147,"y":115,"page":0},{"id":1063,"index":484,"char":"Ч","width":25,"height":37,"xoffset":-1,"yoffset":2,"xadvance":24,"chnl":15,"x":158,"y":76,"page":0},{"id":1052,"index":473,"char":"М","width":31,"height":37,"xoffset":0,"yoffset":2,"xadvance":30,"chnl":15,"x":178,"y":38,"page":0},{"id":1048,"index":469,"char":"И","width":23,"height":37,"xoffset":0,"yoffset":2,"xadvance":23,"chnl":15,"x":189,"y":0,"page":0},{"id":1058,"index":479,"char":"Т","width":23,"height":37,"xoffset":-2,"yoffset":2,"xadvance":19,"chnl":15,"x":0,"y":732,"page":0},{"id":1068,"index":489,"char":"Ь","width":24,"height":37,"xoffset":0,"yoffset":2,"xadvance":23,"chnl":15,"x":0,"y":770,"page":0},{"id":1041,"index":462,"char":"Б","width":24,"height":37,"xoffset":0,"yoffset":2,"xadvance":23,"chnl":15,"x":24,"y":694,"page":0},{"id":1070,"index":491,"char":"Ю","width":35,"height":37,"xoffset":0,"yoffset":2,"xadvance":34,"chnl":15,"x":24,"y":732,"page":0},{"id":113,"index":84,"char":"q","width":23,"height":36,"xoffset":-1,"yoffset":7,"xadvance":22,"chnl":15,"x":42,"y":655,"page":0},{"id":112,"index":83,"char":"p","width":23,"height":36,"xoffset":-1,"yoffset":7,"xadvance":22,"chnl":15,"x":50,"y":617,"page":0},{"id":103,"index":74,"char":"g","width":23,"height":36,"xoffset":-1,"yoffset":7,"xadvance":22,"chnl":15,"x":49,"y":692,"page":0},{"id":1094,"index":515,"char":"ц","width":25,"height":36,"xoffset":-1,"yoffset":8,"xadvance":23,"chnl":15,"x":66,"y":654,"page":0},{"id":1097,"index":518,"char":"щ","width":36,"height":36,"xoffset":-1,"yoffset":8,"xadvance":35,"chnl":15,"x":63,"y":576,"page":0},{"id":1088,"index":509,"char":"р","width":23,"height":36,"xoffset":-1,"yoffset":7,"xadvance":22,"chnl":15,"x":74,"y":613,"page":0},{"id":1076,"index":497,"char":"д","width":29,"height":36,"xoffset":-1,"yoffset":8,"xadvance":26,"chnl":15,"x":64,"y":531,"page":0},{"id":116,"index":87,"char":"t","width":17,"height":35,"xoffset":-2,"yoffset":4,"xadvance":13,"chnl":15,"x":94,"y":531,"page":0},{"id":121,"index":92,"char":"y","width":23,"height":35,"xoffset":-2,"yoffset":8,"xadvance":19,"chnl":15,"x":99,"y":491,"page":0},{"id":1091,"index":512,"char":"у","width":23,"height":35,"xoffset":-2,"yoffset":8,"xadvance":19,"chnl":15,"x":104,"y":453,"page":0},{"id":1096,"index":517,"char":"ш","width":35,"height":31,"xoffset":-1,"yoffset":8,"xadvance":34,"chnl":15,"x":111,"y":409,"page":0},{"id":1169,"index":540,"char":"ґ","width":19,"height":35,"xoffset":-1,"yoffset":4,"xadvance":17,"chnl":15,"x":119,"y":371,"page":0},{"id":1078,"index":499,"char":"ж","width":35,"height":31,"xoffset":-2,"yoffset":8,"xadvance":31,"chnl":15,"x":138,"y":280,"page":0},{"id":109,"index":80,"char":"m","width":34,"height":32,"xoffset":-1,"yoffset":7,"xadvance":32,"chnl":15,"x":139,"y":234,"page":0},{"id":35,"index":6,"char":"#","width":29,"height":34,"xoffset":-1,"yoffset":5,"xadvance":26,"chnl":15,"x":155,"y":192,"page":0},{"id":1102,"index":523,"char":"ю","width":34,"height":31,"xoffset":-1,"yoffset":8,"xadvance":33,"chnl":15,"x":164,"y":153,"page":0},{"id":38,"index":9,"char":"&","width":27,"height":33,"xoffset":-1,"yoffset":7,"xadvance":24,"chnl":15,"x":171,"y":114,"page":0},{"id":119,"index":90,"char":"w","width":32,"height":31,"xoffset":-2,"yoffset":8,"xadvance":28,"chnl":15,"x":184,"y":76,"page":0},{"id":101,"index":72,"char":"e","width":23,"height":32,"xoffset":-1,"yoffset":7,"xadvance":21,"chnl":15,"x":210,"y":38,"page":0},{"id":114,"index":85,"char":"r","width":17,"height":32,"xoffset":-1,"yoffset":7,"xadvance":15,"chnl":15,"x":213,"y":0,"page":0},{"id":117,"index":88,"char":"u","width":23,"height":32,"xoffset":-1,"yoffset":8,"xadvance":22,"chnl":15,"x":231,"y":0,"page":0},{"id":111,"index":82,"char":"o","width":23,"height":32,"xoffset":-1,"yoffset":7,"xadvance":21,"chnl":15,"x":138,"y":312,"page":0},{"id":97,"index":68,"char":"a","width":23,"height":32,"xoffset":-1,"yoffset":7,"xadvance":21,"chnl":15,"x":139,"y":345,"page":0},{"id":115,"index":86,"char":"s","width":22,"height":32,"xoffset":-1,"yoffset":7,"xadvance":20,"chnl":15,"x":162,"y":312,"page":0},{"id":99,"index":70,"char":"c","width":23,"height":32,"xoffset":-1,"yoffset":7,"xadvance":21,"chnl":15,"x":174,"y":227,"page":0},{"id":110,"index":81,"char":"n","width":23,"height":32,"xoffset":-1,"yoffset":7,"xadvance":22,"chnl":15,"x":185,"y":185,"page":0},{"id":1077,"index":498,"char":"е","width":23,"height":32,"xoffset":-1,"yoffset":7,"xadvance":21,"chnl":15,"x":174,"y":260,"page":0},{"id":1072,"index":493,"char":"а","width":23,"height":32,"xoffset":-1,"yoffset":7,"xadvance":21,"chnl":15,"x":199,"y":108,"page":0},{"id":1086,"index":507,"char":"о","width":23,"height":32,"xoffset":-1,"yoffset":7,"xadvance":21,"chnl":15,"x":217,"y":71,"page":0},{"id":1108,"index":528,"char":"є","width":23,"height":32,"xoffset":-1,"yoffset":8,"xadvance":21,"chnl":15,"x":234,"y":33,"page":0},{"id":1089,"index":510,"char":"с","width":23,"height":32,"xoffset":-1,"yoffset":7,"xadvance":21,"chnl":15,"x":255,"y":0,"page":0},{"id":122,"index":93,"char":"z","width":18,"height":31,"xoffset":-2,"yoffset":8,"xadvance":15,"chnl":15,"x":199,"y":141,"page":0},{"id":120,"index":91,"char":"x","width":23,"height":31,"xoffset":-2,"yoffset":8,"xadvance":18,"chnl":15,"x":0,"y":808,"page":0},{"id":118,"index":89,"char":"v","width":23,"height":31,"xoffset":-2,"yoffset":8,"xadvance":18,"chnl":15,"x":0,"y":840,"page":0},{"id":1082,"index":503,"char":"к","width":24,"height":31,"xoffset":-1,"yoffset":8,"xadvance":21,"chnl":15,"x":0,"y":872,"page":0},{"id":1085,"index":506,"char":"н","width":23,"height":31,"xoffset":-1,"yoffset":8,"xadvance":22,"chnl":15,"x":24,"y":808,"page":0},{"id":1075,"index":496,"char":"г","width":17,"height":31,"xoffset":-1,"yoffset":8,"xadvance":14,"chnl":15,"x":24,"y":840,"page":0},{"id":1079,"index":500,"char":"з","width":23,"height":31,"xoffset":-1,"yoffset":8,"xadvance":21,"chnl":15,"x":25,"y":770,"page":0},{"id":1093,"index":514,"char":"х","width":23,"height":31,"xoffset":-2,"yoffset":8,"xadvance":18,"chnl":15,"x":0,"y":904,"page":0},{"id":1074,"index":495,"char":"в","width":23,"height":31,"xoffset":-1,"yoffset":8,"xadvance":22,"chnl":15,"x":0,"y":936,"page":0},{"id":1087,"index":508,"char":"п","width":23,"height":31,"xoffset":-1,"yoffset":8,"xadvance":22,"chnl":15,"x":0,"y":968,"page":0},{"id":1083,"index":504,"char":"л","width":26,"height":31,"xoffset":-2,"yoffset":8,"xadvance":24,"chnl":15,"x":24,"y":904,"page":0},{"id":1103,"index":524,"char":"я","width":23,"height":31,"xoffset":-1,"yoffset":8,"xadvance":21,"chnl":15,"x":25,"y":872,"page":0},{"id":1095,"index":516,"char":"ч","width":23,"height":31,"xoffset":-1,"yoffset":8,"xadvance":22,"chnl":15,"x":42,"y":840,"page":0},{"id":1084,"index":505,"char":"м","width":30,"height":31,"xoffset":-1,"yoffset":8,"xadvance":29,"chnl":15,"x":49,"y":872,"page":0},{"id":1080,"index":501,"char":"и","width":25,"height":31,"xoffset":-1,"yoffset":8,"xadvance":23,"chnl":15,"x":48,"y":802,"page":0},{"id":1090,"index":511,"char":"т","width":22,"height":31,"xoffset":-2,"yoffset":8,"xadvance":18,"chnl":15,"x":49,"y":770,"page":0},{"id":1100,"index":521,"char":"ь","width":23,"height":31,"xoffset":-1,"yoffset":8,"xadvance":22,"chnl":15,"x":66,"y":834,"page":0},{"id":59,"index":30,"char":";","width":10,"height":30,"xoffset":-1,"yoffset":13,"xadvance":8,"chnl":15,"x":139,"y":378,"page":0},{"id":95,"index":66,"char":"_","width":28,"height":6,"xoffset":-2,"yoffset":38,"xadvance":23,"chnl":15,"x":64,"y":568,"page":0},{"id":58,"index":29,"char":":","width":10,"height":26,"xoffset":-1,"yoffset":13,"xadvance":8,"chnl":15,"x":60,"y":729,"page":0},{"id":60,"index":31,"char":"<","width":24,"height":25,"xoffset":-1,"yoffset":8,"xadvance":22,"chnl":15,"x":71,"y":729,"page":0},{"id":62,"index":33,"char":">","width":24,"height":25,"xoffset":-1,"yoffset":8,"xadvance":22,"chnl":15,"x":73,"y":691,"page":0},{"id":61,"index":32,"char":"=","width":24,"height":17,"xoffset":-1,"yoffset":12,"xadvance":22,"chnl":15,"x":174,"y":293,"page":0},{"id":126,"index":97,"char":"~","width":24,"height":13,"xoffset":-1,"yoffset":13,"xadvance":22,"chnl":15,"x":113,"y":318,"page":0},{"id":94,"index":65,"char":"^","width":24,"height":20,"xoffset":-2,"yoffset":2,"xadvance":20,"chnl":15,"x":0,"y":1000,"page":0},{"id":43,"index":14,"char":"+","width":24,"height":24,"xoffset":-1,"yoffset":9,"xadvance":22,"chnl":15,"x":92,"y":650,"page":0},{"id":34,"index":5,"char":"\"","width":18,"height":15,"xoffset":-1,"yoffset":2,"xadvance":16,"chnl":15,"x":92,"y":675,"page":0},{"id":96,"index":67,"char":"`","width":15,"height":10,"xoffset":-2,"yoffset":-1,"xadvance":14,"chnl":15,"x":111,"y":441,"page":0},{"id":45,"index":16,"char":"-","width":15,"height":10,"xoffset":-1,"yoffset":19,"xadvance":12,"chnl":15,"x":199,"y":173,"page":0},{"id":39,"index":10,"char":"'","width":10,"height":15,"xoffset":-1,"yoffset":2,"xadvance":8,"chnl":15,"x":98,"y":613,"page":0},{"id":44,"index":15,"char":",","width":10,"height":15,"xoffset":-1,"yoffset":28,"xadvance":7,"chnl":15,"x":98,"y":629,"page":0},{"id":42,"index":13,"char":"*","width":15,"height":14,"xoffset":-1,"yoffset":2,"xadvance":12,"chnl":15,"x":71,"y":755,"page":0},{"id":46,"index":17,"char":".","width":10,"height":11,"xoffset":-1,"yoffset":28,"xadvance":8,"chnl":15,"x":73,"y":717,"page":0},{"id":32,"index":3,"char":" ","width":0,"height":0,"xoffset":-2,"yoffset":35,"xadvance":7,"chnl":15,"x":19,"y":89,"page":0}],"info":{"face":"impact","size":42,"bold":0,"italic":0,"charset":["q","w","e","r","t","y","u","i","o","p","a","s","d","f","g","h","j","k","l","z","x","c","v","b","n","m","Q","W","E","R","T","Y","U","I","O","P","A","S","D","F","G","H","J","K","L","Z","X","C","V","B","N","M","1","2","3","4","5","6","7","8","9","0"," ","`","-","=","[","]","\\",";","'",",",".","/","~","!","@","#","$","%","^","&","*","(",")","_","+","{","}","|",":","\"","<",">","?","й","ц","у","к","е","н","г","ш","щ","з","х","ї","ґ","ф","і","в","а","п","р","о","л","д","ж","є","я","ч","с","м","и","т","ь","б","ю","Й","Ц","У","К","Е","Н","Г","Ш","Щ","З","Х","Ї","Ґ","Ф","І","В","А","П","Р","О","Л","Д","Ж","Є","Я","Ч","С","М","И","Т","Ь","Б","Ю"],"unicode":1,"stretchH":100,"smooth":1,"aa":1,"padding":[2,2,2,2],"spacing":[0,0]},"common":{"lineHeight":45,"base":35,"scaleW":1024,"scaleH":1024,"pages":1,"packed":0,"alphaChnl":0,"redChnl":0,"greenChnl":0,"blueChnl":0},"distanceField":{"fieldType":"msdf","distanceRange":4},"kernings":[{"first":119,"second":121,"amount":1},{"first":119,"second":102,"amount":1},{"first":119,"second":122,"amount":0},{"first":114,"second":119,"amount":1},{"first":114,"second":116,"amount":1},{"first":114,"second":121,"amount":1},{"first":114,"second":102,"amount":1},{"first":114,"second":118,"amount":1},{"first":114,"second":44,"amount":-3},{"first":114,"second":46,"amount":-3},{"first":116,"second":121,"amount":1},{"first":116,"second":122,"amount":1},{"first":116,"second":118,"amount":1},{"first":116,"second":44,"amount":1},{"first":116,"second":46,"amount":1},{"first":121,"second":116,"amount":1},{"first":121,"second":102,"amount":1},{"first":121,"second":122,"amount":0},{"first":121,"second":120,"amount":1},{"first":121,"second":118,"amount":1},{"first":121,"second":44,"amount":-1},{"first":121,"second":46,"amount":-1},{"first":102,"second":119,"amount":1},{"first":102,"second":121,"amount":1},{"first":102,"second":118,"amount":1},{"first":122,"second":119,"amount":1},{"first":122,"second":116,"amount":1},{"first":122,"second":121,"amount":1},{"first":122,"second":102,"amount":1},{"first":122,"second":122,"amount":1},{"first":122,"second":118,"amount":1},{"first":122,"second":44,"amount":1},{"first":122,"second":46,"amount":1},{"first":120,"second":121,"amount":1},{"first":120,"second":44,"amount":1},{"first":120,"second":46,"amount":1},{"first":118,"second":116,"amount":1},{"first":118,"second":121,"amount":1},{"first":118,"second":102,"amount":1},{"first":118,"second":122,"amount":0},{"first":118,"second":44,"amount":-1},{"first":118,"second":46,"amount":-1},{"first":87,"second":121,"amount":1},{"first":87,"second":89,"amount":1},{"first":87,"second":65,"amount":0},{"first":87,"second":74,"amount":-1},{"first":87,"second":44,"amount":-1},{"first":87,"second":46,"amount":-1},{"first":87,"second":47,"amount":-2},{"first":69,"second":84,"amount":-1},{"first":84,"second":119,"amount":1},{"first":84,"second":101,"amount":-2},{"first":84,"second":121,"amount":1},{"first":84,"second":97,"amount":-2},{"first":84,"second":99,"amount":-2},{"first":84,"second":118,"amount":1},{"first":84,"second":87,"amount":1},{"first":84,"second":89,"amount":1},{"first":84,"second":65,"amount":-2},{"first":84,"second":74,"amount":-2},{"first":84,"second":90,"amount":0},{"first":84,"second":86,"amount":1},{"first":84,"second":45,"amount":-3},{"first":84,"second":44,"amount":-3},{"first":84,"second":46,"amount":-3},{"first":84,"second":47,"amount":-3},{"first":89,"second":113,"amount":-1},{"first":89,"second":101,"amount":-2},{"first":89,"second":111,"amount":-2},{"first":89,"second":97,"amount":-2},{"first":89,"second":115,"amount":-1},{"first":89,"second":100,"amount":-1},{"first":89,"second":103,"amount":-1},{"first":89,"second":99,"amount":-2},{"first":89,"second":65,"amount":-2},{"first":89,"second":74,"amount":-2},{"first":89,"second":44,"amount":-4},{"first":89,"second":46,"amount":-4},{"first":89,"second":47,"amount":-3},{"first":80,"second":65,"amount":-1},{"first":80,"second":74,"amount":-2},{"first":80,"second":44,"amount":-5},{"first":80,"second":46,"amount":-5},{"first":80,"second":47,"amount":-3},{"first":65,"second":122,"amount":1},{"first":65,"second":120,"amount":1},{"first":65,"second":87,"amount":-1},{"first":65,"second":84,"amount":-2},{"first":65,"second":89,"amount":-3},{"first":65,"second":65,"amount":1},{"first":65,"second":74,"amount":1},{"first":65,"second":90,"amount":1},{"first":65,"second":88,"amount":1},{"first":65,"second":86,"amount":-1},{"first":65,"second":93,"amount":1},{"first":65,"second":44,"amount":1},{"first":65,"second":46,"amount":1},{"first":65,"second":47,"amount":1},{"first":65,"second":41,"amount":1},{"first":65,"second":125,"amount":1},{"first":70,"second":87,"amount":1},{"first":70,"second":89,"amount":1},{"first":70,"second":65,"amount":-1},{"first":70,"second":86,"amount":1},{"first":70,"second":44,"amount":-2},{"first":70,"second":46,"amount":-2},{"first":75,"second":81,"amount":-1},{"first":75,"second":79,"amount":-1},{"first":75,"second":65,"amount":1},{"first":75,"second":83,"amount":-1},{"first":75,"second":74,"amount":1},{"first":75,"second":90,"amount":1},{"first":75,"second":67,"amount":-1},{"first":75,"second":93,"amount":1},{"first":75,"second":44,"amount":1},{"first":75,"second":46,"amount":1},{"first":75,"second":41,"amount":1},{"first":75,"second":125,"amount":1},{"first":76,"second":121,"amount":-1},{"first":76,"second":81,"amount":-1},{"first":76,"second":87,"amount":-1},{"first":76,"second":84,"amount":-3},{"first":76,"second":89,"amount":-3},{"first":76,"second":79,"amount":-1},{"first":76,"second":65,"amount":1},{"first":76,"second":83,"amount":0},{"first":76,"second":71,"amount":-1},{"first":76,"second":90,"amount":1},{"first":76,"second":88,"amount":1},{"first":76,"second":67,"amount":-1},{"first":76,"second":86,"amount":-2},{"first":76,"second":44,"amount":1},{"first":76,"second":46,"amount":1},{"first":90,"second":121,"amount":1},{"first":90,"second":65,"amount":1},{"first":90,"second":44,"amount":1},{"first":90,"second":46,"amount":1},{"first":88,"second":65,"amount":1},{"first":88,"second":74,"amount":1},{"first":88,"second":44,"amount":1},{"first":88,"second":46,"amount":1},{"first":86,"second":121,"amount":1},{"first":86,"second":89,"amount":1},{"first":86,"second":65,"amount":-1},{"first":86,"second":74,"amount":-1},{"first":86,"second":44,"amount":-2},{"first":86,"second":46,"amount":-2},{"first":86,"second":47,"amount":-1},{"first":50,"second":52,"amount":-1},{"first":51,"second":55,"amount":0},{"first":52,"second":49,"amount":-1},{"first":52,"second":55,"amount":-1},{"first":53,"second":49,"amount":-1},{"first":53,"second":50,"amount":-1},{"first":53,"second":55,"amount":-1},{"first":54,"second":50,"amount":0},{"first":54,"second":55,"amount":-1},{"first":55,"second":49,"amount":1},{"first":55,"second":51,"amount":1},{"first":55,"second":52,"amount":-1},{"first":55,"second":55,"amount":1},{"first":91,"second":65,"amount":1},{"first":40,"second":65,"amount":1},{"first":123,"second":65,"amount":1}]}